model,family,role,train_rows,test_rows,encoded_feature_count,train_months,test_month,train_r2,test_r2,test_mae,test_rmse,test_median_absolute_error,test_mape,test_mdape,fit_seconds,selected_parameters
Week 6 Random Forest reference,Random Forest,same-month historical-family reference,130060,12857,1193,2025-06 to 2026-05,2026-06,0.8076226006573555,0.7485915097282256,232645.97451135155,770384.5361940052,83983.14742231788,0.2368715987577405,0.09143481555437576,114.8976137638092,"{""max_depth"": 30, ""max_features"": 0.7, ""min_samples_leaf"": 10, ""n_estimators"": 60, ""n_jobs"": -1, ""random_state"": 55}"
"XGBoost (depth 8, lr 0.05, 500 trees)",XGBoost,tuned gradient booster,130060,12857,1193,2025-06 to 2026-05,2026-06,0.9349210063158548,0.8115962234870491,232373.3406433509,666902.566232775,107610.9375,0.2519875019932874,0.11770603813559322,2.6245319843292236,"{""learning_rate"": 0.05, ""max_depth"": 8, ""n_estimators"": 500}"
"LightGBM (depth 10, lr 0.05, 500 trees)",LightGBM,tuned gradient booster,130060,12857,1193,2025-06 to 2026-05,2026-06,0.8654670609094341,0.7975238558489096,242444.32860531087,691360.4275087683,114704.83325563581,0.26560501297430567,0.12232562381236514,3.777454137802124,"{""learning_rate"": 0.05, ""max_depth"": 10, ""n_estimators"": 500, ""num_leaves"": 63}"
