family,model,params,cv_folds,mean_validation_r2,std_validation_r2,mean_validation_mae,mean_validation_rmse,mean_validation_mape,mean_validation_mdape,std_validation_mdape,total_fit_seconds,selected
LightGBM,"LightGBM (depth 10, lr 0.03, 700 trees)","{""learning_rate"": 0.03, ""max_depth"": 10, ""n_estimators"": 700, ""num_leaves"": 63}",3,0.798170205171829,0.0324251400550757,239342.85331297514,663117.0833612327,0.1820875614486448,0.12306144387134565,0.0010937847446104729,14.575308322906494,False
LightGBM,"LightGBM (depth 10, lr 0.05, 500 trees)","{""learning_rate"": 0.05, ""max_depth"": 10, ""n_estimators"": 500, ""num_leaves"": 63}",3,0.7999467639624785,0.034594979326088966,237208.98145697778,660094.9961730031,0.17963831286704482,0.12286711808818516,0.0016897032854404335,10.26430892944336,True
LightGBM,"LightGBM (depth 6, lr 0.05, 300 trees)","{""learning_rate"": 0.05, ""max_depth"": 6, ""n_estimators"": 300, ""num_leaves"": 31}",3,0.7696056152442968,0.041158022812923,281138.69016533415,708642.8283748341,0.22596872041413976,0.1555512180447853,0.0007903294628099265,4.491863965988159,False
XGBoost,"XGBoost (depth 6, lr 0.03, 700 trees)","{""learning_rate"": 0.03, ""max_depth"": 6, ""n_estimators"": 700}",3,0.7954079161338505,0.027670936749332672,258189.12007338062,667599.608680131,0.20262398353939726,0.14066828310720894,0.001895350103905936,7.121708154678345,False
XGBoost,"XGBoost (depth 6, lr 0.05, 300 trees)","{""learning_rate"": 0.05, ""max_depth"": 6, ""n_estimators"": 300}",3,0.782558393213176,0.03170685028526228,272105.1477675994,688308.210929114,0.21677798663593392,0.15000161183845234,0.002945974503347998,3.436143159866333,False
XGBoost,"XGBoost (depth 8, lr 0.05, 500 trees)","{""learning_rate"": 0.05, ""max_depth"": 8, ""n_estimators"": 500}",3,0.8026384643587899,0.033093719401733904,230587.21480618147,655463.7815794011,0.1720398960175258,0.11817372667251817,0.003022062227952085,7.184945583343506,True
