family,model,params,cv_folds,mean_validation_r2,std_validation_r2,mean_validation_mae,mean_validation_rmse,mean_validation_mape,mean_validation_mdape,total_fit_seconds
Decision Tree,"Decision Tree (depth 18, leaf 10)","{""max_depth"": 18, ""min_samples_leaf"": 10, ""random_state"": 55}",5,0.6239019187175068,0.05081578725142367,285994.3018330341,884531.3248561801,0.198387293268327,0.1203306479428824,24.992539644241333
Decision Tree,"Decision Tree (depth 24, leaf 10)","{""max_depth"": 24, ""min_samples_leaf"": 10, ""random_state"": 55}",5,0.6234905325038338,0.05141804121721438,284079.0101403782,884967.3916329658,0.1956910305780373,0.11756036554949509,29.11640501022339
Linear Regression,Linear Regression (baseline),"{""n_jobs"": -1}",5,0.6359658308220314,0.10105154009130338,361911.9259351101,867117.7259902244,0.32750930754610585,0.21987124976080033,47.48372983932495
Random Forest,"Random Forest (40 trees, depth 24, leaf 10, max_features 0.4)","{""max_depth"": 24, ""max_features"": 0.4, ""min_samples_leaf"": 10, ""n_estimators"": 40, ""n_jobs"": -1, ""random_state"": 55}",5,0.6926846812742535,0.06400301270234827,259680.26704806363,798256.0703388803,0.1925804020516053,0.11531024396646891,105.42815017700195
Random Forest,"Random Forest (60 trees, depth 30, leaf 10, max_features 0.7)","{""max_depth"": 30, ""max_features"": 0.7, ""min_samples_leaf"": 10, ""n_estimators"": 60, ""n_jobs"": -1, ""random_state"": 55}",5,0.7057826090710709,0.0672088493604113,242433.96238056864,781040.9096862128,0.1732604323382235,0.10315014027204181,774.2253975868225
