family,model,validation_month,development_rows,validation_rows,validation_r2,validation_mae,validation_rmse,validation_mape,validation_mdape,fit_seconds,params
Decision Tree,"Decision Tree (depth 18, leaf 10)",2026-04,117793,12020,0.7172754571722892,277649.13511053013,840475.7359194733,0.17634988059006024,0.1103497385449399,4.432761192321777,"{'max_depth': 18, 'min_samples_leaf': 10, 'random_state': 55}"
Decision Tree,"Decision Tree (depth 24, leaf 10)",2026-04,117793,12020,0.7185973014025491,274757.47600567696,838508.6629581861,0.17320900023228794,0.1079514998494774,5.719080924987793,"{'max_depth': 24, 'min_samples_leaf': 10, 'random_state': 55}"
Random Forest,"Random Forest (40 trees, depth 24, leaf 10, max_features 0.4)",2026-04,117793,12020,0.7256606618011238,251266.76938708633,827918.2733185122,0.168137040366608,0.10179908683840866,17.223092794418335,"{'n_estimators': 40, 'max_depth': 24, 'min_samples_leaf': 10, 'max_features': 0.4, 'random_state': 55, 'n_jobs': -1}"
Random Forest,"Random Forest (60 trees, depth 30, leaf 10, max_features 0.7)",2026-04,117793,12020,0.7435331022213745,234095.96308908146,800495.8489341922,0.1517826831338221,0.0910870221365801,45.39966011047363,"{'n_estimators': 60, 'max_depth': 30, 'min_samples_leaf': 10, 'max_features': 0.7, 'random_state': 55, 'n_jobs': -1}"
